timestamp,pending_messages
2026-07-21T04:23:33Z,0
2026-07-21T04:23:34Z,0
2026-07-21T04:23:35Z,0
2026-07-21T04:23:36Z,0
2026-07-21T04:23:37Z,0
2026-07-21T04:23:38Z,0
2026-07-21T04:23:39Z,0
2026-07-21T04:23:40Z,0
2026-07-21T04:23:41Z,0
2026-07-21T04:23:42Z,0
2026-07-21T04:23:43Z,0
2026-07-21T04:23:44Z,0
2026-07-21T04:23:45Z,0
2026-07-21T04:23:46Z,0
2026-07-21T04:23:47Z,0
2026-07-21T04:23:48Z,0
2026-07-21T04:23:49Z,0
2026-07-21T04:23:50Z,0
2026-07-21T04:23:51Z,0
2026-07-21T04:23:52Z,0
2026-07-21T04:23:53Z,0
2026-07-21T04:23:54Z,0
2026-07-21T04:23:55Z,0
2026-07-21T04:23:56Z,0
2026-07-21T04:23:57Z,0
2026-07-21T04:23:58Z,0
2026-07-21T04:23:59Z,0
2026-07-21T04:24:01Z,0
2026-07-21T04:24:02Z,0
2026-07-21T04:24:03Z,0
2026-07-21T04:24:04Z,0
2026-07-21T04:24:05Z,0
2026-07-21T04:24:06Z,0
2026-07-21T04:24:07Z,0
2026-07-21T04:24:08Z,0
2026-07-21T04:24:09Z,0
2026-07-21T04:24:10Z,0
2026-07-21T04:24:11Z,0
2026-07-21T04:24:12Z,0
2026-07-21T04:24:13Z,0
2026-07-21T04:24:14Z,0
2026-07-21T04:24:15Z,0
2026-07-21T04:24:16Z,0
2026-07-21T04:24:17Z,0
2026-07-21T04:24:18Z,0
2026-07-21T04:24:19Z,0
2026-07-21T04:24:20Z,0
2026-07-21T04:24:21Z,0
2026-07-21T04:24:22Z,0
2026-07-21T04:24:23Z,0
2026-07-21T04:24:24Z,0
2026-07-21T04:24:25Z,0
2026-07-21T04:24:26Z,0
2026-07-21T04:24:27Z,0
2026-07-21T04:24:28Z,0
2026-07-21T04:24:29Z,0
2026-07-21T04:24:30Z,0
2026-07-21T04:24:31Z,0
2026-07-21T04:24:32Z,0
2026-07-21T04:24:33Z,0
2026-07-21T04:24:34Z,0
2026-07-21T04:24:35Z,0
2026-07-21T04:24:36Z,0
2026-07-21T04:24:37Z,0
2026-07-21T04:24:38Z,0
2026-07-21T04:24:40Z,0
2026-07-21T04:24:41Z,0
2026-07-21T04:24:42Z,0
2026-07-21T04:24:43Z,0
